﻿Nest,Length
Robin,21.8
Robin,23.9
Robin,23
Robin,22.3
Robin,23.3
Robin,22
Robin,22.4
Robin,22.6
Robin,22.4
Robin,22
Robin,23
Robin,22.1
Robin,23
Robin,21.1
Robin,23
Robin,23
Wren,19.8
Wren,20.3
Wren,22.1
Wren,20.9
Wren,21.5
Wren,22
Wren,20.9
Wren,20
Wren,22
Wren,20.8
Wren,21
Wren,21.2
Wren,22.3
Wren,21
Wren,21
Sparrow,22
Sparrow,22.8
Sparrow,23.9
Sparrow,23.1
Sparrow,20.9
Sparrow,23.1
Sparrow,23.8
Sparrow,23.5
Sparrow,25
Sparrow,23
Sparrow,23.4
Sparrow,23
Sparrow,21.7
Sparrow,23.8
