Location,Species,Area
Angel de La Guarda,7,1001
Tiberon,11,1196
Partida Norte,3,1.2
Raza,2,0.6
Salsipuedes,3,1.2
San Lorenzo Norte,3,7.5
San Lorenzo Sur,3,35
San Esteban,4,41.2
San Pedro Martir,2,1.9
San Pedro Nolasco,5,3.2
Tortuga,2,6.3
San Marcos,9,31.5
San Ildefonso,3,2.6
Coronados,8,8.5
Carmen,9,151
Danzante,5,4.9
Monserrate,5,7.3
Santa Catalina,5,1430
Santa Cruz,2,11.6
San Diego,2,1.3
San Jose,10,194
San Francisco,7,2.6
Partida Sur and Espirito Santo,10,99
Cerralvo,6,163
